{"cameraMode":{"drawMode":0,"name":"Shaded","section":"Shading Mode"},"sceneLighting":true,"audioPlay":false,"sceneViewState":{"showFog":true,"showMaterialUpdate":true,"showSkybox":true,"showFlares":true,"showImageEffects":true,"showParticleSystems":true},"in2DMode":false,"pivot":{"x":-21.866186141967775,"y":-3.4867000579833986,"z":105.74272918701172},"rotation":{"x":0.0629521906375885,"y":0.014971681870520115,"z":-0.0009339192765764892,"w":0.9979107975959778},"size":91.28532409667969,"orthographic":false}