{"cameraMode":{"drawMode":0,"name":"Shaded","section":"Shading Mode"},"sceneLighting":false,"audioPlay":false,"sceneViewState":{"showFog":true,"showMaterialUpdate":true,"showSkybox":false,"showFlares":true,"showImageEffects":true,"showParticleSystems":true},"in2DMode":false,"pivot":{"x":-40.12853240966797,"y":1.0,"z":-29.239999771118165},"rotation":{"x":0.17630082368850709,"y":0.24374982714653016,"z":-0.04511304572224617,"w":0.9526160359382629},"size":4.057253837585449,"orthographic":false}