{"cameraMode":{"drawMode":0,"name":"Shaded","section":"Shading Mode"},"sceneLighting":true,"audioPlay":false,"sceneViewState":{"showFog":true,"showMaterialUpdate":true,"showSkybox":true,"showFlares":true,"showImageEffects":true,"showParticleSystems":true},"in2DMode":false,"pivot":{"x":-31.039743423461915,"y":32.160614013671878,"z":13.289749145507813},"rotation":{"x":0.1524042934179306,"y":2.196164530232636e-7,"z":8.646019864499976e-7,"w":0.9883220195770264},"size":35.400264739990237,"orthographic":false}