{"cameraMode":{"drawMode":0,"name":"Shaded","section":"Shading Mode"},"sceneLighting":true,"audioPlay":false,"sceneViewState":{"showFog":true,"showMaterialUpdate":true,"showSkybox":true,"showFlares":true,"showImageEffects":true,"showParticleSystems":true},"in2DMode":false,"pivot":{"x":-13.916654586791993,"y":15.804139137268067,"z":0.0},"rotation":{"x":0.0913359746336937,"y":0.02837773784995079,"z":-0.0026010479778051378,"w":0.995415985584259},"size":3.9063313007354738,"orthographic":false}