{"cameraMode":{"drawMode":0,"name":"Shaded","section":"Shading Mode"},"sceneLighting":true,"audioPlay":false,"sceneViewState":{"showFog":true,"showMaterialUpdate":true,"showSkybox":true,"showFlares":true,"showImageEffects":true,"showParticleSystems":true},"in2DMode":false,"pivot":{"x":-21.553842544555665,"y":0.9825029373168945,"z":5.06329345703125},"rotation":{"x":-0.05487828329205513,"y":0.9387198686599731,"z":-0.29038649797439577,"w":-0.17752064764499665},"size":6.276576995849609,"orthographic":false}